{
  "project_info": {
    "project_number": "915004425899",
    "project_id": "formatifdefeu",
    "storage_bucket": "formatifdefeu.appspot.com"
  },
  "client": [
    {
      "client_info": {
        "mobilesdk_app_id": "1:915004425899:android:1df6c30bfed7cc435019ee",
        "android_client_info": {
          "package_name": "cem.formatif.firebase_start"
        }
      },
      "oauth_client": [
        {
          "client_id": "915004425899-tmhvk4gqdrjvd5618t0fesfauq9ds8go.apps.googleusercontent.com",
          "client_type": 3
        }
      ],
      "api_key": [
        {
          "current_key": "AIzaSyBzI_Cx7pHnOIEZJdcGNqs0PkRjbRihNL8"
        }
      ],
      "services": {
        "appinvite_service": {
          "other_platform_oauth_client": [
            {
              "client_id": "915004425899-tmhvk4gqdrjvd5618t0fesfauq9ds8go.apps.googleusercontent.com",
              "client_type": 3
            }
          ]
        }
      }
    }
  ],
  "configuration_version": "1"
}