{
  "project_info": {
    "project_number": "288181058896",
    "project_id": "test-flutter-firebase-de1d9",
    "storage_bucket": "test-flutter-firebase-de1d9.appspot.com"
  },
  "client": [
    {
      "client_info": {
        "mobilesdk_app_id": "1:288181058896:android:a74158dfb3b176e13c4055",
        "android_client_info": {
          "package_name": "org.pipo.test_flutter_firebase"
        }
      },
      "oauth_client": [
        {
          "client_id": "288181058896-28f26cidun63rf94hofsrsdhkc4ebf3i.apps.googleusercontent.com",
          "client_type": 1,
          "android_info": {
            "package_name": "org.pipo.test_flutter_firebase",
            "certificate_hash": "e6829809331b04df5f230eb496b16abdc5187963"
          }
        },
        {
          "client_id": "288181058896-vp2gqo823uh5scdk0nfjao4pa2dscmff.apps.googleusercontent.com",
          "client_type": 3
        }
      ],
      "api_key": [
        {
          "current_key": "AIzaSyA9gVG_DGpVMab6uPhNjTw7zhjivrd6IyU"
        }
      ],
      "services": {
        "appinvite_service": {
          "other_platform_oauth_client": [
            {
              "client_id": "288181058896-vp2gqo823uh5scdk0nfjao4pa2dscmff.apps.googleusercontent.com",
              "client_type": 3
            }
          ]
        }
      }
    }
  ],
  "configuration_version": "1"
}